{"cameraMode":{"drawMode":0,"name":"Shaded","section":"Shading Mode"},"sceneLighting":true,"audioPlay":false,"sceneViewState":{"showFog":true,"showMaterialUpdate":false,"showSkybox":true,"showFlares":true,"showImageEffects":true,"showParticleSystems":true},"in2DMode":false,"pivot":{"x":62.46385192871094,"y":-14.253080368041993,"z":46.270179748535159},"rotation":{"x":0.18509022891521455,"y":0.548852801322937,"z":-0.1261349618434906,"w":0.8053620457649231},"size":44.55010986328125,"orthographic":false}