{"cameraMode":{"drawMode":0,"name":"Shaded","section":"Shading Mode"},"sceneLighting":false,"audioPlay":false,"sceneViewState":{"showFog":true,"showMaterialUpdate":false,"showSkybox":true,"showFlares":true,"showImageEffects":true,"showParticleSystems":true},"in2DMode":false,"pivot":{"x":-14.8100004196167,"y":13.369999885559082,"z":9.640000343322754},"rotation":{"x":0.10824228823184967,"y":0.08934576064348221,"z":-0.009768171235918999,"w":0.9900533556938171},"size":2.6069998741149904,"orthographic":false}