{"cameraMode":{"drawMode":0,"name":"Shaded","section":"Shading Mode"},"sceneLighting":false,"audioPlay":false,"sceneViewState":{"showFog":true,"showMaterialUpdate":false,"showSkybox":true,"showFlares":true,"showImageEffects":true,"showParticleSystems":true},"in2DMode":false,"pivot":{"x":12.939998626708985,"y":1.5291223526000977,"z":-14.28837776184082},"rotation":{"x":-0.23068903386592866,"y":-0.26040807366371157,"z":0.06421688199043274,"w":-0.9353322982788086},"size":4.9384002685546879,"orthographic":false}